{"cameraMode":{"drawMode":0,"name":"Shaded","section":"Shading Mode"},"sceneLighting":true,"audioPlay":false,"sceneViewState":{"showFog":true,"showMaterialUpdate":false,"showSkybox":true,"showFlares":true,"showImageEffects":true,"showParticleSystems":true},"in2DMode":false,"pivot":{"x":-94.44233703613281,"y":2.638601779937744,"z":-1.1318988800048829},"rotation":{"x":-0.017995379865169526,"y":-0.02459268644452095,"z":0.0003198810445610434,"w":-0.999592125415802},"size":13.806797981262207,"orthographic":false}