{"cameraMode":{"drawMode":0,"name":"Shaded","section":"Shading Mode"},"sceneLighting":false,"audioPlay":false,"sceneViewState":{"showFog":true,"showMaterialUpdate":false,"showSkybox":false,"showFlares":true,"showImageEffects":true,"showParticleSystems":true},"in2DMode":false,"pivot":{"x":-5.7725629806518559,"y":5.461735248565674,"z":-0.04480910301208496},"rotation":{"x":-0.05245749279856682,"y":0.026365671306848527,"z":-0.0014245891943573952,"w":-0.9983036518096924},"size":0.8994616866111755,"orthographic":false}