{"cameraMode":{"drawMode":0,"name":"Shaded","section":"Shading Mode"},"sceneLighting":true,"audioPlay":false,"sceneViewState":{"showFog":true,"showMaterialUpdate":false,"showSkybox":true,"showFlares":true,"showImageEffects":true,"showParticleSystems":true},"in2DMode":false,"pivot":{"x":1.8605767488479615,"y":1.4141210317611695,"z":7.122943878173828},"rotation":{"x":-0.014998379163444043,"y":-0.006597640458494425,"z":-0.00002492030762368813,"w":-0.9999260902404785},"size":10.02292251586914,"orthographic":false}