{"cameraMode":{"drawMode":0,"name":"Shaded","section":"Shading Mode"},"sceneLighting":false,"audioPlay":false,"sceneViewState":{"showFog":true,"showMaterialUpdate":false,"showSkybox":false,"showFlares":true,"showImageEffects":true,"showParticleSystems":true},"in2DMode":false,"pivot":{"x":17.960758209228517,"y":0.9102997183799744,"z":0.04196286201477051},"rotation":{"x":-0.03749025985598564,"y":0.006896902807056904,"z":-0.0002759791095741093,"w":-0.9993084669113159},"size":1.3301944732666016,"orthographic":false}