{"cameraMode":{"drawMode":0,"name":"Shaded","section":"Shading Mode"},"sceneLighting":false,"audioPlay":false,"sceneViewState":{"showFog":true,"showMaterialUpdate":false,"showSkybox":false,"showFlares":true,"showImageEffects":true,"showParticleSystems":true},"in2DMode":false,"pivot":{"x":5.568808078765869,"y":0.6498816609382629,"z":-0.025721192359924318},"rotation":{"x":-0.020998669788241388,"y":0.013496859930455685,"z":0.0002809542929753661,"w":0.9997444152832031},"size":1.5458314418792725,"orthographic":false}