{"cameraMode":{"drawMode":0,"name":"Shaded","section":"Shading Mode"},"sceneLighting":false,"audioPlay":false,"sceneViewState":{"showFog":true,"showMaterialUpdate":false,"showSkybox":false,"showFlares":true,"showImageEffects":true,"showParticleSystems":true},"in2DMode":false,"pivot":{"x":-79.09398651123047,"y":-1.8742811679840088,"z":0.8747031688690186},"rotation":{"x":-0.01949908770620823,"y":-0.005098999012261629,"z":0.00003395798194105737,"w":-0.9998421669006348},"size":2.9595632553100588,"orthographic":false}