{"cameraMode":{"drawMode":0,"name":"Shaded","section":"Shading Mode"},"sceneLighting":true,"audioPlay":false,"sceneViewState":{"showFog":true,"showMaterialUpdate":false,"showSkybox":true,"showFlares":true,"showImageEffects":true,"showParticleSystems":true},"in2DMode":false,"pivot":{"x":8.611688613891602,"y":-2.409881114959717,"z":35.65505599975586},"rotation":{"x":-0.06445635855197907,"y":-0.00958698894828558,"z":0.00042687696986831725,"w":-0.9979402422904968},"size":22.043834686279298,"orthographic":false}