{"cameraMode":{"drawMode":0,"name":"Shaded","section":"Shading Mode"},"sceneLighting":true,"audioPlay":false,"sceneViewState":{"showFog":true,"showMaterialUpdate":false,"showSkybox":true,"showFlares":true,"showImageEffects":true,"showParticleSystems":true},"in2DMode":false,"pivot":{"x":-27.240070343017579,"y":4.39836311340332,"z":-10.809371948242188},"rotation":{"x":-0.07164808362722397,"y":0.08905529230833054,"z":-0.006471715867519379,"w":-0.9934775829315186},"size":39.70844268798828,"orthographic":false}