{"cameraMode":{"drawMode":0,"name":"Shaded","section":"Shading Mode"},"sceneLighting":false,"audioPlay":false,"sceneViewState":{"showFog":true,"showMaterialUpdate":false,"showSkybox":false,"showFlares":true,"showImageEffects":true,"showParticleSystems":true},"in2DMode":false,"pivot":{"x":-0.11337883770465851,"y":-0.10200299322605133,"z":-0.01550900936126709},"rotation":{"x":-0.02399781532585621,"y":-0.0005943939322605729,"z":-0.000024841900085448287,"w":-0.9997420907020569},"size":1.1577377319335938,"orthographic":false}