{"cameraMode":{"drawMode":0,"name":"Shaded","section":"Shading Mode"},"sceneLighting":false,"audioPlay":false,"sceneViewState":{"showFog":true,"showMaterialUpdate":false,"showSkybox":false,"showFlares":true,"showImageEffects":true,"showParticleSystems":true},"in2DMode":false,"pivot":{"x":-4.517000198364258,"y":2.3949999809265138,"z":0.0},"rotation":{"x":0.03597582131624222,"y":0.02997608296573162,"z":-0.0010801475727930666,"w":0.9988980293273926},"size":0.17320497334003449,"orthographic":false}